<?xml version="1.0" encoding="UTF-8"?>
<!DOCTYPE hibernate-configuration SYSTEM 
  "hibernate-configuration-3.0.dtd">
<!-- Version 8 MySQL hiberante-cfg.xml example for Hibernate 5 -->
<hibernate-configuration>
  <session-factory>
    <property name="connection.driver_class">com.mysql.cj.jdbc.Driver</property>
    <!-- property name="connection.driver_class">com.mysql.jdbc.Driver</property -->
    <property name="connection.url">jdbc:mysql://192.168.10.150:3306/dac31?useSSL=false</property>
    <property name="connection.username">dac31</property>
    <property name="connection.password">welcome</property>
    <property name="dialect">org.hibernate.dialect.MySQL8Dialect</property>
    <property name="connection.pool_size">1</property>
    <!--property name="dialect">org.hibernate.dialect.MySQLDialect</property-->
    <!-- <property name="current_session_context_class">thread</property> -->
    <property name="show_sql">true</property>
    <property name="format_sql">true</property>
    <property name="hbm2ddl.auto">update</property>
    <!-- mapping class" / -->
   <!--  <mapping class="com.demo.beans.Department"/>-->
     <mapping class="com.demo.model.MyUser"/>
     <mapping class="com.demo.model.Address"/>
   <!--  <mapping class="com.demo.beans.User"/>  -->
    <!-- <mapping resource="myuser.hbm.xml"/> -->
    <!-- <mapping resource="employee.hbm.xml"/> --> 
  </session-factory>
</hibernate-configuration>